cybervaloper16qu2ymnzzjn05xc6yszjy50caaahcahdgzcddz,10927.575751895147
cybervaloper1d7n8znqg635yxnzlsycnt6kut8z5du5ydjaq6j,10596.642560217804
cybervaloper1svm5wl5jf4p7dwemj7wh0p4egr3js6rq0xjjs8,32601.30843120169
cybervaloper16lf2hvzy4n4gvtx37pgkkdw2e2psfjjd9qnlg6,29953.64195435639
cybervaloper1jst67u54vquzvun3dawpmpwyx5ar8mayeyhlt9,1453.0640357022337
cybervaloper18wn5kyxewwk6qh97493xtj9gufpmqserdykng9,27768.32047641751
cybervaloper16ge9uqpqf78jdt0uz58ycalhtg59w77qlu2453,25297.77036362055
cybervaloper1rqudjcrdwqedffxufmqgsleuguhm7pkayku5pz,35181.63114725509
cybervaloper1hmkqhy8ygl6tnl5g8tc503rwrmmrkjcq4xvhhf,21463.074019355063
cybervaloper18z9vsjffvggluxcxfqwsmrz02v37hx2e4ya023,32029.698532705785
